{"cameraMode":{"drawMode":0,"name":"Shaded","section":"Shading Mode"},"sceneLighting":true,"audioPlay":false,"sceneViewState":{"showFog":true,"showMaterialUpdate":false,"showSkybox":true,"showFlares":true,"showImageEffects":true,"showParticleSystems":true},"in2DMode":false,"pivot":{"x":79.82698822021485,"y":5.490822792053223,"z":84.25247955322266},"rotation":{"x":0.09236473590135575,"y":-0.7221585512161255,"z":0.09831574559211731,"w":0.6784465909004211},"size":21.168630599975587,"orthographic":false}