{"cameraMode":{"drawMode":0,"name":"Shaded","section":"Shading Mode"},"sceneLighting":false,"audioPlay":false,"sceneViewState":{"showFog":true,"showMaterialUpdate":false,"showSkybox":true,"showFlares":true,"showImageEffects":true,"showParticleSystems":true},"in2DMode":false,"pivot":{"x":0.0720951110124588,"y":0.21938976645469666,"z":0.07074938714504242},"rotation":{"x":0.18021592497825623,"y":0.033249858766794208,"z":-0.006095362361520529,"w":0.9830460548400879},"size":2.556844472885132,"orthographic":false}