{"cameraMode":{"drawMode":0,"name":"Shaded","section":"Shading Mode"},"sceneLighting":false,"audioPlay":false,"sceneViewState":{"showFog":true,"showMaterialUpdate":false,"showSkybox":true,"showFlares":true,"showImageEffects":true,"showParticleSystems":true},"in2DMode":false,"pivot":{"x":0.15000009536743165,"y":1.8499994277954102,"z":1.1300002336502076},"rotation":{"x":-0.1185028925538063,"y":0.021442800760269166,"z":-0.0025597696658223869,"w":-0.9927189350128174},"size":6.362034797668457,"orthographic":false}