{"cameraMode":{"drawMode":0,"name":"Shaded","section":"Shading Mode"},"sceneLighting":false,"audioPlay":false,"sceneViewState":{"showFog":true,"showMaterialUpdate":false,"showSkybox":true,"showFlares":true,"showImageEffects":true,"showParticleSystems":true},"in2DMode":false,"pivot":{"x":-11.220000267028809,"y":2.3641064167022707,"z":4.650000095367432},"rotation":{"x":-0.09552600979804993,"y":0.6467137336730957,"z":-0.08212354779243469,"w":-0.7522578835487366},"size":3.9723026752471926,"orthographic":false}