{"cameraMode":{"drawMode":0,"name":"Shaded","section":"Shading Mode"},"sceneLighting":false,"audioPlay":false,"sceneViewState":{"showFog":true,"showMaterialUpdate":false,"showSkybox":true,"showFlares":true,"showImageEffects":true,"showParticleSystems":true},"in2DMode":false,"pivot":{"x":4.762995719909668,"y":1.5358872413635255,"z":-15.945169448852539},"rotation":{"x":0.006379767786711454,"y":0.9898098707199097,"z":-0.1342506855726242,"w":0.04703712835907936},"size":2.4152660369873049,"orthographic":false}