{"cameraMode":{"drawMode":0,"name":"Shaded","section":"Shading Mode"},"sceneLighting":true,"audioPlay":false,"sceneViewState":{"showFog":true,"showMaterialUpdate":false,"showSkybox":true,"showFlares":true,"showImageEffects":true,"showParticleSystems":true},"in2DMode":false,"pivot":{"x":8.246564865112305,"y":2.6821162700653078,"z":-0.33142268657684328},"rotation":{"x":0.15315799415111543,"y":-0.13853828608989716,"z":0.02169107273221016,"w":0.9782021045684815},"size":52.525909423828128,"orthographic":false}