{"cameraMode":{"drawMode":0,"name":"Shaded","section":"Shading Mode"},"sceneLighting":false,"audioPlay":false,"sceneViewState":{"showFog":true,"showMaterialUpdate":false,"showSkybox":true,"showFlares":true,"showImageEffects":true,"showParticleSystems":true},"in2DMode":false,"pivot":{"x":42.29999923706055,"y":2.0,"z":20.525217056274415},"rotation":{"x":0.15315799415111543,"y":-0.13853828608989716,"z":0.02169107273221016,"w":0.9782021045684815},"size":4.041658401489258,"orthographic":false}