{"cameraMode":{"drawMode":0,"name":"Shaded","section":"Shading Mode"},"sceneLighting":false,"audioPlay":false,"sceneViewState":{"showFog":true,"showMaterialUpdate":false,"showSkybox":true,"showFlares":true,"showImageEffects":true,"showParticleSystems":true},"in2DMode":false,"pivot":{"x":0.0,"y":0.025150001049041749,"z":-0.0010999999940395356},"rotation":{"x":0.18021592497825623,"y":0.033249858766794208,"z":-0.006095362361520529,"w":0.9830460548400879},"size":7.1001176834106449,"orthographic":false}