{"cameraMode":{"drawMode":0,"name":"Shaded","section":"Shading Mode"},"sceneLighting":false,"audioPlay":false,"sceneViewState":{"showFog":true,"showMaterialUpdate":false,"showSkybox":true,"showFlares":true,"showImageEffects":true,"showParticleSystems":true},"in2DMode":false,"pivot":{"x":-20.489999771118165,"y":2.4000000953674318,"z":-2.049999952316284},"rotation":{"x":0.18021592497825623,"y":0.033249858766794208,"z":-0.006095362361520529,"w":0.9830460548400879},"size":8.573651313781739,"orthographic":false}