{"cameraMode":{"drawMode":0,"name":"Shaded","section":"Shading Mode"},"sceneLighting":false,"audioPlay":false,"sceneViewState":{"showFog":true,"showMaterialUpdate":false,"showSkybox":true,"showFlares":true,"showImageEffects":true,"showParticleSystems":true},"in2DMode":false,"pivot":{"x":0.36240866780281069,"y":1.521782636642456,"z":0.5231448411941528},"rotation":{"x":0.18021592497825623,"y":0.033249858766794208,"z":-0.006095362361520529,"w":0.9830460548400879},"size":8.74523639678955,"orthographic":false}