{"cameraMode":{"drawMode":0,"name":"Shaded","section":"Shading Mode"},"sceneLighting":true,"audioPlay":false,"sceneViewState":{"showFog":true,"showMaterialUpdate":false,"showSkybox":true,"showFlares":true,"showImageEffects":true,"showParticleSystems":true},"in2DMode":false,"pivot":{"x":54.593482971191409,"y":-55.224395751953128,"z":100.64435577392578},"rotation":{"x":0.1926012486219406,"y":0.22718743979930879,"z":-0.04588988423347473,"w":0.9535118341445923},"size":166.48626708984376,"orthographic":false}