{"cameraMode":{"drawMode":0,"name":"Shaded","section":"Shading Mode"},"sceneLighting":true,"audioPlay":false,"sceneViewState":{"showFog":true,"showMaterialUpdate":false,"showSkybox":true,"showFlares":true,"showImageEffects":true,"showParticleSystems":true},"in2DMode":false,"pivot":{"x":-26.798484802246095,"y":16.312240600585939,"z":20.961593627929689},"rotation":{"x":0.16082219779491425,"y":-0.32683730125427248,"z":0.056544672697782519,"w":0.9295786023139954},"size":246.84840393066407,"orthographic":false}