{"cameraMode":{"drawMode":0,"name":"Shaded","section":"Shading Mode"},"sceneLighting":false,"audioPlay":false,"sceneViewState":{"showFog":true,"showMaterialUpdate":false,"showSkybox":true,"showFlares":true,"showImageEffects":true,"showParticleSystems":true},"in2DMode":false,"pivot":{"x":3.350536823272705,"y":1.0099999904632569,"z":5.608753204345703},"rotation":{"x":-0.11507163941860199,"y":0.8582982420921326,"z":-0.21989992260932923,"w":-0.44913992285728457},"size":2.5885331630706789,"orthographic":false}