{"cameraMode":{"drawMode":0,"name":"Shaded","section":"Shading Mode"},"sceneLighting":false,"audioPlay":false,"sceneViewState":{"showFog":true,"showMaterialUpdate":false,"showSkybox":true,"showFlares":true,"showImageEffects":true,"showParticleSystems":true},"in2DMode":false,"pivot":{"x":29.9486083984375,"y":0.27908653020858767,"z":8.78787899017334},"rotation":{"x":-0.18472151458263398,"y":0.014927713200449944,"z":-0.0028061289340257646,"w":-0.9826735258102417},"size":7.464926719665527,"orthographic":false}