{"cameraMode":{"drawMode":0,"name":"Shaded","section":"Shading Mode"},"sceneLighting":true,"audioPlay":false,"sceneViewState":{"showFog":true,"showMaterialUpdate":false,"showSkybox":true,"showFlares":true,"showImageEffects":true,"showParticleSystems":true},"in2DMode":false,"pivot":{"x":22.880617141723634,"y":-32.79951095581055,"z":-82.34130859375},"rotation":{"x":-0.04824896529316902,"y":-0.9509873390197754,"z":0.195558100938797,"w":-0.23463213443756104},"size":94.91270446777344,"orthographic":false}