{"cameraMode":{"drawMode":0,"name":"Shaded","section":"Shading Mode"},"sceneLighting":true,"audioPlay":false,"sceneViewState":{"showFog":true,"showMaterialUpdate":false,"showSkybox":true,"showFlares":true,"showImageEffects":true,"showParticleSystems":true},"in2DMode":false,"pivot":{"x":29.420000076293947,"y":3.4800000190734865,"z":2.5699996948242189},"rotation":{"x":-0.1415158361196518,"y":-0.1935853362083435,"z":0.02823062427341938,"w":-0.9704128503799439},"size":17.147310256958009,"orthographic":false}